﻿{
  "information": {
    "modulo-numero": "Nódulos",
    "modulo-resumido": "M1",
    "modulo-nome": "Módulo 1"
  },
  "configuration": {
    "custom-menu": true,
    "custon-config": {
      "auto-id": true,
      "id-prefix": "menu-button-"
    },
    "target": "#menu_item_list",
    "start-level": 0,
    "max-level": 9,
    "min-level": 0,
    "prefix-name": "pages/capitulo_"
  },
  "pages": [
    {
      "placeholder": "Apresentação do Módulo",
      "url": "pages/capitulo_0.html",
      "custom-button": {
        "html": "<div class='menu-home unselectable'></div>"
      }
    },
    {
      "placeholder": "Tópico 1",
      "url": "pages/capitulo_1.html",
      "custom-button": {
        "html": "<div class='menu-u1 unselectable'></div>"
      }
    },
    {
      "placeholder": "Tópico 2",
      "url": "pages/capitulo_2.html",
      "custom-button": {
        "html": "<div class='menu-u2 unselectable'></div>"
      }
    },
    {
      "placeholder": "Tópico 3",
      "url": "pages/capitulo_3.html",
      "custom-button": {
        "html": "<div class='menu-u3 unselectable'></div>"
      }
    },
    {
      "placeholder": "Tópico 4",
      "url": "pages/capitulo_4.html",
      "custom-button": {
        "html": "<div class='menu-u4 unselectable'></div>"
      }
    }
  ]
}
